{
	"name" : "BallParticle",
	"cycles" : {
		"cycle1" : {
			"frames" : {
				"frame1" : {
					"texpos" : [0.0, 158.0, 1.0],
					"texsize" : [6.0, 6.0],
					"offset" : [0.0, 0.0, 0.0],
					"duration" : 14
				},
				"frame2" : {
					"texpos" : [6.0, 158.0, 1.0],
					"texsize" : [6.0, 6.0],
					"offset" : [0.0, 0.0, 0.0],
					"duration" : 2
				},
				"frame3" : {
					"texpos" : [12.0, 158.0, 1.0],
					"texsize" : [6.0, 6.0],
					"offset" : [0.0, 0.0, 0.0],
					"duration" : 2
				}
			},
			"loop" : false
		}
	}
}