{
	"name" : "BigBall",
	"cycles" : {
		"cycle1" : {
			"frames" : {
				"frame1" : {
					"texpos" : [0.0, 48.0, 0.0],
					"texsize" : [20.0, 20.0],
					"offset" : [0.0, 0.0, 0.0],
					"duration" : 8
				},
				"frame2" : {
					"texpos" : [20.0, 48.0, 0.0],
					"texsize" : [20.0, 20.0],
					"offset" : [0.0, 0.0, 0.0],
					"duration" : 8
				},
				"frame3" : {
					"texpos" : [40.0, 48.0, 0.0],
					"texsize" : [20.0, 20.0],
					"offset" : [0.0, 0.0, 0.0],
					"duration" : 8
				}
			},
			"loop" : true
		}
	}
}