{
	"name" : "BigSmoke",
	"cycles" : {
		"cycle1" : {
			"frames" : {
				"frame1" : {
					"texpos" : [0.0, 164.0, 1.0],
					"texsize" : [26.0, 26.0],
					"offset" : [0.0, 0.0, 0.0],
					"duration" : 8
				},
				"frame2" : {
					"texpos" : [26.0, 164.0, 1.0],
					"texsize" : [26.0, 26.0],
					"offset" : [0.0, 0.0, 0.0],
					"duration" : 4
				},
				"frame3" : {
					"texpos" : [52.0, 164.0, 1.0],
					"texsize" : [26.0, 26.0],
					"offset" : [0.0, 0.0, 0.0],
					"duration" : 4
				},
				"frame4" : {
					"texpos" : [78.0, 164.0, 1.0],
					"texsize" : [26.0, 26.0],
					"offset" : [0.0, 0.0, 0.0],
					"duration" : 4
				}
			},
			"loop" : false
		},
		"cycle2" : {
			"frames" : {
				"frame1" : {
					"texpos" : [0.0, 190.0, 1.0],
					"texsize" : [26.0, 26.0],
					"offset" : [0.0, 0.0, 0.0],
					"duration" : 8
				},
				"frame2" : {
					"texpos" : [26.0, 190.0, 1.0],
					"texsize" : [26.0, 26.0],
					"offset" : [0.0, 0.0, 0.0],
					"duration" : 4
				},
				"frame3" : {
					"texpos" : [52.0, 190.0, 1.0],
					"texsize" : [26.0, 26.0],
					"offset" : [0.0, 0.0, 0.0],
					"duration" : 4
				},
				"frame4" : {
					"texpos" : [78.0, 190.0, 1.0],
					"texsize" : [26.0, 26.0],
					"offset" : [0.0, 0.0, 0.0],
					"duration" : 4
				}
			},
			"loop" : false
		}
	}
}