{
	"name" : "PlayerSmoke",
	"cycles" : {
		"cycle1" : {
			"frames" : {
				"frame1" : {
					"texpos" : [0.0, 272.0, 1.0],
					"texsize" : [16.0, 16.0],
					"offset" : [0.0, 0.0, 0.0],
					"duration" : 8
				},
				"frame2" : {
					"texpos" : [16.0, 272.0, 1.0],
					"texsize" : [16.0, 16.0],
					"offset" : [0.0, 0.0, 0.0],
					"duration" : 4
				},
				"frame3" : {
					"texpos" : [32.0, 272.0, 1.0],
					"texsize" : [16.0, 16.0],
					"offset" : [0.0, 0.0, 0.0],
					"duration" : 4
				},
				"frame4" : {
					"texpos" : [48.0, 272.0, 1.0],
					"texsize" : [16.0, 16.0],
					"offset" : [0.0, 0.0, 0.0],
					"duration" : 4
				}
			},
			"loop" : false
		},
		"cycle2" : {
			"frames" : {
                "frame1" : {
                    "texpos" : [0.0, 288.0, 1.0],
                    "texsize" : [16.0, 16.0],
                    "offset" : [0.0, 0.0, 0.0],
                    "duration" : 8
                },
                "frame2" : {
                    "texpos" : [16.0, 288.0, 1.0],
                    "texsize" : [16.0, 16.0],
                    "offset" : [0.0, 0.0, 0.0],
                    "duration" : 4
                },
                "frame3" : {
                    "texpos" : [32.0, 288.0, 1.0],
                    "texsize" : [16.0, 16.0],
                    "offset" : [0.0, 0.0, 0.0],
                    "duration" : 4
                },
                "frame4" : {
                    "texpos" : [48.0, 288.0, 1.0],
                    "texsize" : [16.0, 16.0],
                    "offset" : [0.0, 0.0, 0.0],
                    "duration" : 4
                }
            },
			"loop" : false
		}
	}
}