{
	"name" : "VeryBigBall",
	"cycles" : {
		"cycle1" : {
			"frames" : {
				"frame1" : {
					"texpos" : [0.0, 68.0, 0.0],
					"texsize" : [24.0, 24.0],
					"offset" : [0.0, 0.0, 0.0],
					"duration" : 8
				},
				"frame2" : {
					"texpos" : [24.0, 68.0, 0.0],
					"texsize" : [24.0, 24.0],
					"offset" : [0.0, 0.0, 0.0],
					"duration" : 8
				},
				"frame3" : {
					"texpos" : [48.0, 68.0, 0.0],
					"texsize" : [24.0, 24.0],
					"offset" : [0.0, 0.0, 0.0],
					"duration" : 8
				}
			},
			"loop" : true
		}
	}
}